"response","game_id","PID","gap","lower_bound","num_choices","upper_bound","bonus_size","bonus_rule","points_rule"
13,756995,"6750bac54816fc7028a10a46",4,9,15,23,19,"sum_even","normal_plus_one"
20,880924,"60dbf4d94a3b5564b68881e8",3,11,10,20,14,"gap_lower","normal"
23,614670,"62e3f7b224ec70641fd86b7b",3,7,17,23,12,"unequal","normal_minus_one"
17,442663,"5f98099d48060d0450394002",3,5,13,17,6,"coordinate_low","normal_plus_two"
26,1482342,"68491eeead1c9115dbd5d603",3,19,10,28,12,"gap_higher","normal_minus_one"
6,512067,"667c2175b570aa694ce2f63c",2,6,12,17,3,"less_upper","two_less_max_costless"
25,1486856,"5e00f9a211999fcea4169800",3,19,11,29,10,"gap_absolute","normal_minus_two"
13,702295,"6023f94d1951e70ae21770ec",3,9,5,13,2,"equal","normal_plus_two"
17,516360,"655a395e2828d333bae0ea4b",2,6,13,18,1,"gap_higher","normal_minus_one"
24,1482104,"5484620efdf99b0379939c6a",3,19,10,28,11,"gap_absolute","normal_minus_two"
3,101590,"59dd90f6e75b450001a68dac",2,1,5,5,7,"gap_lower","normal"
22,676932,"65fb70d4e69155a62d58ac90",4,8,15,22,1,"more_than","normal_minus_one"
26,1332556,"66b73f9ba035651170b94c76",3,17,10,26,14,"sum_upper","normal"
4,162531,"65d219ae5dfcb3e376af3e01",2,1,17,17,9,"less_upper","two_less_max_costless"
28,1068891,"6113ffbf45e79bc2769db74c",2,13,18,30,4,"gap_lower","two_less_max_costless"
14,849774,"6426124fd4520b59c2330332",3,10,19,28,10,"gap_lower","normal_minus_one"
27,1508603,"60cec40c59def0d3f57a2384",4,19,15,33,16,"sum_even","normal_plus_one"
11,395268,"5cdc899d48d5f100195fafff",4,4,18,21,17,"equal","normal_minus_one"
17,302701,"675f6001dd0e83d71805de6f",4,3,15,17,8,"sum_upper","normal_plus_two"
6,483030,"67837959a1ccc1627479fb36",3,6,6,11,7,"less_upper","normal_minus_one"
21,1119833,"616ef680ab8ca318a227f5ec",1,14,13,26,7,"gap_lower","normal_plus_one"
19,811585,"59f22a9fd6380600018b2929",2,10,11,20,17,"equal","normal_plus_two"
14,876297,"5e9b443223881d04be740737",3,11,9,19,15,"unequal","two_less_max_costless"
12,965643,"5e2ac2aa0038f21089a533a4",2,12,12,23,11,"coordinate_low","two_less_max_costless"
15,937529,"67886304e14dce87368e3688",1,12,6,17,19,"unequal","normal_plus_one"
16,929323,"5d8d12f6d88e3a00142c9751",1,12,5,16,7,"equal","normal_plus_two"
27,1342306,"672bf6a8b306f66878d7d5ff",4,17,12,28,13,"sum_odd","normal"
10,713883,"677325421675c69275202d2d",2,9,7,15,8,"more_than","two_less_max_costless"
7,235115,"5ea120ed66031912aea618ae",4,2,16,17,18,"sum_upper","normal_plus_one"
15,877285,"62ab9ef7415da9c5d0ccc7bb",4,11,9,19,19,"gap_absolute","normal_plus_two"
20,947775,"627a76715c52f43dd8b4f6a2",4,12,9,20,1,"gap_absolute","two_less_max_costless"
17,896896,"67b9ea0f7c1ce0cc342a9b92",1,11,13,23,17,"sum_even","normal"
14,451845,"670eba80fd87b7f29689350b",1,5,15,19,3,"sum_upper","two_less_max_costless"
11,571418,"67e727e0e5b6fb17d760f39f",2,7,8,14,19,"sum_odd","normal_minus_two"
13,510846,"62fd14d7b1e0729dc8aadb79",3,6,11,16,18,"gap_absolute","normal_minus_one"
22,540585,"662939026740389d07b16f23",3,6,17,22,16,"less_upper","two_less_max_costless"
20,394751,"607081b0ecb2499634a349dd",2,4,18,21,15,"unequal","normal_plus_one"
23,919767,"676c99169461dbd7edcce2b7",4,11,18,28,9,"gap_higher","two_less_max_costless"
18,801274,"66940332d70583ebe9a33c05",4,10,9,18,16,"more_than","normal"
13,928449,"6731be489e831394673e6fee",3,12,5,16,4,"gap_lower","two_less_max_costless"
15,875902,"66a819b2c3eb66cffc47e808",2,11,9,19,14,"gap_lower","normal"
18,920665,"67f1b8abe144ffdfc27d371a",2,11,18,28,12,"sum_even","normal_plus_two"
12,721782,"59f8f9f7680a95000122b306",3,9,8,16,19,"gap_absolute","normal_minus_one"
6,287358,"5dc474fd45b8f933f16d6241",3,3,12,14,7,"sum_odd","normal_minus_one"
23,1034535,"66da38dc1d5b9365584508ca",4,13,11,23,6,"less_upper","two_less_max_costless"
22,817541,"6714816f7e2a4f2e612e3bd5",3,10,13,22,1,"coordinate_low","normal_plus_one"
26,1118593,"6724260700cede758eb0c062",2,14,13,26,2,"more_than","normal_plus_two"
15,1198492,"63ed78d1217e614a3c6b392e",3,15,13,27,19,"coordinate_low","normal"
27,1264794,"66eb1a41306925cf993d6490",1,16,12,27,5,"gap_higher","normal_minus_one"
18,1011122,"678f02520df6c988ca6bdd85",2,13,6,18,13,"gap_absolute","normal_minus_two"
6,139607,"676058418c08c71e4bb7cbd1",2,1,12,12,18,"gap_lower","normal_plus_one"
18,1079799,"603e27e4689f94dfc6590465",4,14,5,18,7,"more_than","two_less_max_costless"
24,763117,"6134e3d48d0eaa5c8fe8c25e",4,9,17,25,4,"sum_upper","normal_plus_two"
16,155808,"61719bfec06e3136189edb55",2,1,16,16,3,"equal","normal_minus_one"
26,844902,"67269f439696d166fbb74e09",3,10,18,27,10,"sum_even","normal_minus_one"
5,117270,"610e0a1e95c323743ff02dcb",3,1,8,8,9,"equal","normal_minus_one"
19,1187959,"57315ab3070de6000e434671",3,15,11,25,18,"gap_lower","normal_plus_two"
33,1519704,"6408b11ea1f6735953548644",2,19,18,36,1,"sum_odd","normal_minus_one"
23,1446707,"67d43f5c7253c147df75e9e5",4,18,18,35,10,"gap_higher","normal_plus_one"
19,802993,"6737bac9644359235797f924",2,10,10,19,3,"less_upper","normal_plus_two"
14,1035491,"614e848825ae648282115670",4,13,11,23,10,"unequal","normal_plus_one"
13,300962,"5eac8b777b60c8129709fc10",2,3,15,17,2,"gap_absolute","normal_minus_two"
25,695053,"5e2926d80beb030ede110e67",4,8,18,25,12,"coordinate_low","normal_plus_two"
13,170918,"671498899f67df85f33ea053",4,1,19,19,3,"sum_even","normal_minus_two"
9,122262,"63a2844c9d6acbec7228a420",3,1,9,9,9,"more_than","normal_minus_one"
16,225769,"6702f60844f21087e0840e3d",2,2,15,16,2,"equal","normal_plus_two"
12,355555,"6786682cfe5424ad10237085",1,4,10,13,19,"gap_lower","normal_plus_two"
27,1197912,"66e706540c25cee0f5ccdaba",2,15,13,27,17,"sum_upper","normal_minus_one"
8,195730,"66cbd62c530179615a4a90bc",4,2,9,10,2,"sum_even","normal"
24,1481503,"67d189786d51b2815d94633f",3,19,10,28,8,"coordinate_low","normal_plus_two"
28,1437644,"605bc35a0133e151a7cf9623",1,18,16,33,13,"less_upper","normal_minus_two"
20,1150460,"67d1a4ff5d3cfa8ec4ff38fb",1,14,19,32,9,"gap_lower","normal_minus_two"
18,870816,"59e996863e4b5a00016aa699",2,11,8,18,13,"sum_upper","normal_minus_one"
25,904257,"673f361cb1d555345330ff1b",3,11,15,25,7,"equal","two_less_max_costless"
13,210679,"5c56964991c0ad0001cfa5ae",3,2,12,13,2,"gap_absolute","normal_plus_two"
13,646968,"6684b71a5615b7da8e59ce56",2,8,9,16,1,"less_upper","normal_minus_one"
7,182934,"616b2966d0aee4f9879a656b",3,2,6,7,11,"gap_higher","normal_minus_one"
24,549848,"614b11e399369a0d52b5fbf6",3,6,19,24,13,"coordinate_low","normal_minus_two"
14,881079,"566feba6b937e400052d33b2",4,11,10,20,14,"sum_even","two_less_max_costless"
10,559889,"66187caf2a94f9051c85c431",1,7,6,12,14,"gap_lower","normal_plus_one"
16,740004,"659d874e294242ce3de681c8",4,9,12,20,12,"gap_absolute","normal_minus_one"
24,911417,"66fd855cf4cfd7ee139e35fd",1,11,16,26,15,"sum_even","normal_plus_one"
4,339271,"5a8b61fcf1408d000176b02f",3,4,7,10,14,"more_than","normal_plus_two"
7,229319,"5ba1387c2000c10001b71649",2,2,15,16,15,"less_upper","normal_plus_one"
22,537863,"66789a1e138a59bb4ad16fa5",2,6,17,22,6,"sum_even","normal_plus_one"
12,960005,"67cd9cf6fcf63b6ab8f21390",3,12,11,22,9,"sum_even","normal_plus_one"
28,922131,"67f67d04686f4f467e3a6c76",2,11,18,28,18,"gap_higher","two_less_max_costless"
18,663140,"672adb2909ca72744f212a7d",1,8,12,19,6,"gap_higher","normal_minus_two"
16,931299,"5d0dfa68f6be990019edd3bb",2,12,5,16,14,"less_upper","two_less_max_costless"
10,418569,"67bc755b022467c613763798",3,5,8,12,10,"sum_odd","two_less_max_costless"
29,1140976,"5a5b6255f6c5170001950ae0",1,14,17,30,11,"gap_higher","normal"
11,412389,"6685633b50fdf89801428491",1,5,7,11,6,"more_than","two_less_max_costless"
27,984204,"614e82d5717d691f24efffc0",4,12,16,27,6,"gap_absolute","normal_minus_one"
6,330814,"59c0782e5364260001dc4740",2,4,6,9,1,"more_than","normal"
11,350316,"5fcbe82a12a0c80009d6e9cf",4,4,9,12,18,"gap_higher","normal_minus_one"
18,890020,"6323781f75962af097c34b5e",3,11,12,22,10,"unequal","normal"
24,625415,"6737e1bf889b60aa5f9ec0be",2,7,19,25,15,"gap_absolute","normal_plus_one"
26,979758,"6474a3bea5c73f10d2742769",3,12,15,26,8,"equal","normal_minus_one"
25,911714,"66735e86343dec85410151d0",2,11,16,26,16,"sum_odd","normal_minus_two"
6,106341,"606318c702e8ec02ee2761d0",1,1,6,6,6,"gap_lower","two_less_max_costless"
10,320385,"6692dd53ec527d60a87c1c82",3,3,18,20,18,"sum_upper","two_less_max_costless"
19,892859,"674780197d2f877d208e64bf",4,11,13,23,2,"gap_absolute","normal_plus_one"
25,1044236,"63127690860023ab6b50a0b2",1,13,13,25,5,"sum_odd","normal_minus_two"
9,706925,"5bccf3ad1662020001fe7bbe",3,9,5,13,19,"coordinate_low","normal_plus_one"
25,1521723,"6682c4fcefd32e38eb8197b2",2,19,18,36,9,"more_than","two_less_max_costless"
29,1345971,"5731e2e45b8b06000f7e3671",2,17,13,29,8,"sum_even","two_less_max_costless"
8,332459,"677d37f7c10fd4adcf8557d1",4,4,6,9,7,"unequal","normal_plus_one"
32,1292575,"671c1c699ca32031a83014e8",3,16,17,32,15,"more_than","normal_plus_two"
24,1282542,"669ff53556ef9a4ea2635e9a",3,16,15,30,15,"more_than","normal_minus_one"
26,1282523,"664504859e65eeed37cdd5ac",4,16,15,30,15,"gap_absolute","normal_plus_one"
7,334971,"63d8966cb1c8fda2f6006864",2,4,6,9,17,"gap_lower","two_less_max_costless"
27,1199406,"6571fd9d691befe21fa61d18",3,15,14,28,4,"equal","normal_minus_one"
9,665450,"6605eaefd982b606054fda4c",2,8,12,19,14,"less_upper","normal_minus_two"
21,954301,"6091b418d1cddb4526a44543",4,12,10,21,6,"coordinate_low","normal_plus_two"
20,598634,"62349f9ac56251496a619264",2,7,14,20,8,"sum_upper","normal_minus_two"
23,1175721,"6791934cb3e39094ae05692b",3,15,9,23,9,"sum_odd","two_less_max_costless"
25,1266409,"65389f0b0f181197c4218f6d",2,16,12,27,11,"gap_absolute","normal_plus_two"
16,1021372,"66d8d6590998f2fb0867d0b6",3,13,8,20,14,"gap_lower","normal"
10,826787,"663c19eed49487447a95db78",4,10,14,23,17,"coordinate_low","normal_plus_one"
20,956659,"610508c09d61c098f072605b",1,12,10,21,15,"coordinate_low","normal_plus_two"
15,842230,"65f6d8993df9f5cc02ff0a38",2,10,17,26,19,"unequal","normal"
12,494383,"6784c471d73174fe2ca2300c",3,6,8,13,12,"less_upper","normal_plus_two"
16,528770,"5f6e76757befe43b22307387",2,6,15,20,10,"gap_higher","normal_minus_two"
18,1124205,"5bc07659b8d38c0001de0516",1,14,14,27,4,"sum_even","two_less_max_costless"
25,1426960,"60d1429992c4cb380dd59b15",1,18,14,31,11,"equal","normal"
11,349578,"67f22d9adc313d0ce5eafff4",1,4,9,12,15,"equal","normal_minus_one"
16,806740,"56b10faa6399f90011da710d",3,10,10,19,18,"gap_lower","normal"
19,1095024,"667dff584b72be8e8cf6b196",2,14,8,21,8,"gap_lower","normal_minus_one"
9,427770,"6554ea58c859388bc801973c",1,5,10,14,7,"sum_even","normal_minus_one"
9,713546,"5edeea354d54cb1a825aa8f9",2,9,7,15,7,"gap_lower","normal_minus_two"
25,1337839,"67b8f459f36ac348b98d6cad",3,17,11,27,15,"sum_upper","normal_plus_two"
7,336625,"67486ef5b88595ed8d20fe7c",2,4,7,10,4,"more_than","normal_plus_two"
24,1323075,"6667669302ff5138b02e1e87",2,17,8,24,16,"less_upper","two_less_max_costless"
10,406654,"67803b5508f3d995ef13696b",2,5,6,10,3,"sum_even","normal"
21,1360360,"668335c061a6ee98717d3ffa",1,17,16,32,6,"gap_higher","normal"
10,366250,"64d53aae0f3f7317f6eb617e",4,4,13,16,2,"unequal","normal"
24,1326432,"60f2a2b4932fed5326988e0f",2,17,9,25,10,"sum_even","normal_minus_one"
10,197894,"601478ee2d7cc94b1f1855ec",4,2,9,10,10,"sum_upper","normal_minus_two"
23,1037073,"579fbb4a6f13c2000174aafc",3,13,11,23,16,"unequal","two_less_max_costless"
17,318986,"6596bea5bc9ff6083194c176",2,3,18,20,13,"unequal","normal_minus_two"
24,911082,"661d91aa5c28076a1170abb6",1,11,16,26,14,"more_than","normal_minus_one"
8,635110,"5755c957eb80c4000741a9ce",2,8,6,13,13,"coordinate_low","normal"
15,461442,"679a0366c8793f4845badfd6",1,5,17,21,2,"gap_higher","normal_minus_one"
17,1229936,"68136baa6c4d0b9838d3e0d3",3,16,5,20,6,"gap_lower","normal_minus_two"
26,698343,"5ba259603bf2350001a54284",4,8,19,26,6,"equal","two_less_max_costless"
16,943453,"672bb1963a3e366539886bfc",4,12,8,19,3,"less_upper","normal_plus_two"
13,835432,"60fe83c4f1cfa0b516b363cc",1,10,16,25,12,"sum_upper","normal"
26,838136,"66f0c33279c43367bd7542c4",3,10,17,26,3,"coordinate_low","normal_minus_two"
14,371368,"5f0f6811a0ed4a11dbc57b79",1,4,14,17,2,"coordinate_low","normal"
17,741356,"612adba08b8235b31539c704",1,9,12,20,17,"equal","normal_minus_two"
14,1103095,"67090bd057a59a104e134edf",3,14,9,22,19,"sum_even","normal_plus_two"
21,1396550,"5f467b0a0d1aef037515c8c9",4,18,8,25,10,"gap_higher","normal_minus_two"
24,619578,"6692aa06ebcc22947ead226a",1,7,18,24,12,"gap_higher","normal_minus_one"
25,762611,"60dfd857e293a99dd577f4c8",4,9,17,25,2,"less_upper","normal_plus_one"
13,568785,"65c113a22ace1dacd58ce108",3,7,8,14,9,"sum_odd","two_less_max_costless"
18,769805,"60284b049e884437b220b172",3,9,18,26,11,"gap_higher","normal_plus_one"
19,540737,"6447cbf7356408059fe225d7",1,6,17,22,17,"unequal","normal_plus_one"
20,1456573,"66e60882afb732f6e17a6790",4,19,5,23,9,"unequal","normal_plus_two"
21,1498079,"5eaa2e6821f5961b9f4d9c04",2,19,13,31,14,"sum_upper","normal_plus_one"
17,696020,"5e8f4a2abae84a22830fd5a2",1,8,18,25,16,"sum_odd","normal_minus_two"
9,354507,"66397ad24036e6a540a10423",2,4,10,13,15,"gap_lower","two_less_max_costless"
16,437416,"663e1aba0afad079dae41953",1,5,12,16,6,"gap_higher","normal"
17,794235,"5fed41e3e14422f5e308c6e5",2,10,8,17,8,"sum_odd","two_less_max_costless"
22,545599,"6658b3b6347b527af5f3bad3",3,6,18,23,16,"less_upper","normal_plus_two"
29,1370732,"67e03de86567af68e15f8b33",1,17,18,34,7,"equal","normal_minus_two"
22,1491970,"64ff8f28eb8d29f0814080fa",4,19,12,30,10,"sum_even","normal"
20,1089703,"668a9e53e7690b3b64d48e92",3,14,7,20,6,"less_upper","normal_plus_two"
16,802517,"6663ce16e93da6d9c6ce2821",3,10,10,19,2,"gap_lower","normal_plus_one"
24,1332057,"611341c34be95409850e4341",3,17,10,26,12,"less_upper","two_less_max_costless"
23,684912,"655f97cd4f1c17ae262fd0fa",2,8,16,23,12,"sum_even","normal_minus_one"
16,728735,"663d0e210e239265b07238f1",2,9,10,18,7,"sum_even","normal_plus_one"
8,195438,"66d1a34290c0181302a08f66",3,2,9,10,1,"unequal","normal_minus_one"
5,176678,"65c18c789a79785086046517",4,2,5,6,6,"equal","normal_minus_two"
22,1355125,"6510652e8c348ca500c8677c",4,17,15,31,5,"gap_absolute","normal_plus_two"
24,1209282,"666601d2d09c8744714ca8a1",1,15,16,30,3,"less_upper","normal_minus_one"
24,1491174,"5e753ccd65c9670a250a019b",3,19,12,30,7,"sum_even","normal_minus_one"
28,1488002,"665b7b047373d8da553237a6",2,19,11,29,14,"sum_even","normal_minus_two"
8,361577,"66ada6332d525af66b7b7d9a",1,4,12,15,3,"less_upper","normal_plus_one"
25,919592,"615921b85071b9caef6148d8",3,11,18,28,8,"unequal","normal_minus_two"
28,1060946,"67d8a842726644308266e91f",2,13,16,28,11,"coordinate_low","normal_minus_two"
1,104728,"67e188720841b364cd463eaa",1,1,5,5,18,"coordinate_low","normal"
18,1394125,"63614899ad49a91f1ef09067",4,18,7,24,19,"coordinate_low","normal_plus_two"
1,104728,"67e188720841b364cd463eaa",1,1,5,5,18,"coordinate_low","normal"
27,1053390,"54837312fdf99b2490ad57b6",3,13,15,27,2,"more_than","normal_minus_one"
19,1264722,"678ba962e3ab4fa50795ed97",1,16,12,27,4,"less_upper","normal_minus_one"
22,1392934,"5cf10c50968101001aee96c9",2,18,7,24,15,"unequal","normal"
14,235290,"67ac8fed510a8ad686266b4d",1,2,16,17,19,"unequal","normal_minus_one"
15,1062222,"674c9df1e01bfe1baae76974",3,13,16,28,16,"sum_upper","normal_minus_one"
17,1144760,"5aa806e7777df200016088c5",3,14,18,31,6,"equal","normal_minus_two"
27,1477315,"55bd8669fdf99b5bfc7d4cfc",1,19,9,27,12,"gap_higher","normal_plus_two"
31,1076112,"594c02b62894240001dc27b9",2,13,19,31,12,"equal","normal_minus_one"
17,942960,"57dd4c6f73e67300012b7ed6",2,12,8,19,2,"gap_lower","normal_minus_one"
21,1166228,"682b76cd7d1dde59f69b3b71",1,15,7,21,11,"sum_upper","normal_minus_two"
24,905327,"6622fea285fd4a83c402235c",2,11,15,25,11,"unequal","normal_plus_one"
7,427035,"6575c7da000442e5a54f5e24",2,5,10,14,4,"sum_upper","two_less_max_costless"
20,1307185,"66b4f89242c0ff3aab8f8774",2,17,5,21,13,"sum_odd","normal_plus_two"
32,1504162,"5dc0e5d927d0520845f47856",4,19,14,32,18,"sum_upper","normal"
21,822160,"66980b6dfb93bb2506774ca2",1,10,13,22,19,"unequal","normal"
18,590320,"644150ada063f0646fa94580",1,7,12,18,15,"more_than","normal"
14,896206,"67d5f8a62c137f9a17873486",2,11,13,23,14,"coordinate_low","normal"
17,1011122,"6632626985406fd15c206dcd",2,13,6,18,13,"gap_absolute","normal_minus_two"
31,1077540,"652359572fd30ff57dfea7fb",4,13,19,31,17,"sum_upper","normal_minus_one"
21,604710,"66297fbab9f7f80703a76793",3,7,15,21,12,"sum_upper","normal_minus_one"
7,565686,"6741748fbb313bf92b1a3fce",3,7,7,13,16,"coordinate_low","normal_minus_one"
12,162531,"545d347afdf99b7f9fca22c7",2,1,17,17,9,"less_upper","two_less_max_costless"
18,516360,"5cb128db0d14d3001838eef5",2,6,13,18,1,"gap_higher","normal_minus_one"
32,1508603,"6792c956f76b9027f9768491",4,19,15,33,16,"sum_even","normal_plus_one"
23,614670,"605e9cc770aa6d1947d02bfa",3,7,17,23,12,"unequal","normal_minus_one"
22,1332556,"5e648efca8c76520c918bb31",3,17,10,26,14,"sum_upper","normal"
13,702295,"60a1ddf39ea00700d482889e",3,9,5,13,2,"equal","normal_plus_two"
17,384239,"6425ffdf7fd742839b924ac5",2,4,16,19,13,"sum_odd","normal_plus_one"
5,101590,"664df2de088c4acb7473b3ff",2,1,5,5,7,"gap_lower","normal"
25,1486856,"5e3f04fdb721da159417a725",3,19,11,29,10,"gap_absolute","normal_minus_two"
16,235115,"5de810e3b94594000c87d36e",4,2,16,17,18,"sum_upper","normal_plus_one"
19,597336,"67e3d174cdf82fb2585cc887",2,7,14,20,3,"less_upper","normal_minus_one"
21,395268,"67e42a7bdae7875a883eead0",4,4,18,21,17,"equal","normal_minus_one"
21,676932,"5c1c2c51e2d9150001b5737e",4,8,15,22,1,"more_than","normal_minus_one"
16,442663,"6759cf4aa98832e7c32a61b3",3,5,13,17,6,"coordinate_low","normal_plus_two"
28,1068891,"66bdf79c29a4dd71ff4de0d0",2,13,18,30,4,"gap_lower","two_less_max_costless"
27,849774,"6632d54e8e0d4661a148acf9",3,10,19,28,10,"gap_lower","normal_minus_one"
17,880924,"634696400ff1ac25ed01ad11",3,11,10,20,14,"gap_lower","normal"
23,1119833,"623ac50ed58ac10f7e259b8f",1,14,13,26,7,"gap_lower","normal_plus_one"
8,302701,"6647b11c05e40e04db826ccb",4,3,15,17,8,"sum_upper","normal_plus_two"
9,483030,"66ecacaae782ea94cd9bfbd8",3,6,6,11,7,"less_upper","normal_minus_one"
13,928449,"59dc4083ae9f950001d83b4b",3,12,5,16,4,"gap_lower","two_less_max_costless"
19,876297,"660eb0b257ea5439cd5e020a",3,11,9,19,15,"unequal","two_less_max_costless"
16,937529,"675355f5119e42585a9226cf",1,12,6,17,19,"unequal","normal_plus_one"
11,713883,"67ba639b05429eebb9d8927f",2,9,7,15,8,"more_than","two_less_max_costless"
20,811585,"668b7ec2d3b6830e2063fb8d",2,10,11,20,17,"equal","normal_plus_two"
11,287358,"676c67883fa1ba4ea4eb05a7",3,3,12,14,7,"sum_odd","normal_minus_one"
16,896896,"66b91ee649636fce844ef133",1,11,13,23,17,"sum_even","normal"
16,929323,"66a56853eae42f430895b05e",1,12,5,16,7,"equal","normal_plus_two"
28,919767,"5d4a41890e604c00011ade8b",4,11,18,28,9,"gap_higher","two_less_max_costless"
20,540585,"669aab18b7f156b93c657214",3,6,17,22,16,"less_upper","two_less_max_costless"
10,801274,"5c663cd56fdc87000162e255",4,10,9,18,16,"more_than","normal"
27,1198492,"67f01fa0e63319ca919878ca",3,15,13,27,19,"coordinate_low","normal"
13,721782,"67f15936947bc55cb1f2bac4",3,9,8,16,19,"gap_absolute","normal_minus_one"
20,947775,"679327e8a39b3fcc97d882bf",4,12,9,20,1,"gap_absolute","two_less_max_costless"
14,571418,"6679d2f916fe8e0bccf073b7",2,7,8,14,19,"sum_odd","normal_minus_two"
17,1118593,"5e29cc3230cf9d03580c34bf",2,14,13,26,2,"more_than","normal_plus_two"
17,1035491,"673638b56bb65715b44b147f",4,13,11,23,10,"unequal","normal_plus_one"
13,875902,"67727321dbba1f283636b298",2,11,9,19,14,"gap_lower","normal"
19,451845,"629123291e21f234a2c06705",1,5,15,19,3,"sum_upper","two_less_max_costless"
25,844902,"663a5fa6c0dd77f659a12550",3,10,18,27,10,"sum_even","normal_minus_one"
16,510846,"55aeaeb3fdf99b5c769f1f7c",3,6,11,16,18,"gap_absolute","normal_minus_one"
12,965643,"670beb8d3c2adb17ac53ac9f",2,12,12,23,11,"coordinate_low","two_less_max_costless"
32,1446707,"631910aab5323b5658ca4a39",4,18,18,35,10,"gap_higher","normal_plus_one"
22,1187959,"67758b914f06b14a31669644",3,15,11,25,18,"gap_lower","normal_plus_two"
16,155808,"671cd612f039f8a9b5e55cca",2,1,16,16,3,"equal","normal_minus_one"
18,1079799,"632887fe29453b90ee3fb295",4,14,5,18,7,"more_than","two_less_max_costless"
10,355555,"66e12593ddd5a01785c4e288",1,4,10,13,19,"gap_lower","normal_plus_two"
9,122262,"66db0a4e5e6c580200d007d3",3,1,9,9,9,"more_than","normal_minus_one"
10,139607,"56b78f11e77ebe000cbefe79",2,1,12,12,18,"gap_lower","normal_plus_one"
16,300962,"6773dfa0391dd47ac7521b5b",2,3,15,17,2,"gap_absolute","normal_minus_two"
8,117270,"671c1871eb30c87c11b2211a",3,1,8,8,9,"equal","normal_minus_one"
20,763117,"66e6097f5c9f9a72249c139a",4,9,17,25,4,"sum_upper","normal_plus_two"
35,1519704,"58404fd8ad98e40001ce915f",2,19,18,36,1,"sum_odd","normal_minus_one"
8,695053,"60712d937752fb8780e89951",4,8,18,25,12,"coordinate_low","normal_plus_two"
14,802993,"5bd0607192f92c0001f84021",2,10,10,19,3,"less_upper","normal_plus_two"
17,1034535,"6532828b701b9dd4dd354375",4,13,11,23,6,"less_upper","two_less_max_costless"
13,170918,"65599c698363f734b0325aa2",4,1,19,19,3,"sum_even","normal_minus_two"
21,1510733,"58014df907d709000141b54f",3,19,16,34,5,"sum_odd","normal_plus_one"
8,195730,"5eeaa000fc53c11be14cfc62",4,2,9,10,2,"sum_even","normal"
19,1481503,"6413bde82572af834c41ba64",3,19,10,28,8,"coordinate_low","normal_plus_two"
16,225769,"610c5b0a0f713891f0d5af7f",2,2,15,16,2,"equal","normal_plus_two"
10,419706,"5faefcc22be93b11829e84df",1,5,8,12,15,"gap_lower","normal_minus_one"
12,870816,"611a84cad4328e2779125bdd",2,11,8,18,13,"sum_upper","normal_minus_one"
22,1150460,"60675b278929f00a78c91c3f",1,14,19,32,9,"gap_lower","normal_minus_two"
27,1197912,"66ab955e70fbb4f16f2ae0ec",2,15,13,27,17,"sum_upper","normal_minus_one"
33,1437644,"6527f153bea7b2d7c0d556e4",1,18,16,33,13,"less_upper","normal_minus_two"
15,646968,"59b7cbab110131000146620b",2,8,9,16,1,"less_upper","normal_minus_one"
25,904257,"62c35e9517e15b36b957a678",3,11,15,25,7,"equal","two_less_max_costless"
19,881079,"6527f153bea7b2d7c0d556e4",4,11,10,20,14,"sum_even","two_less_max_costless"
20,1112448,"6732ca9052a3b5780ec6068a",2,14,11,24,17,"gap_lower","normal_minus_one"
12,418569,"64226a9ac7739618beeee60d",3,5,8,12,10,"sum_odd","two_less_max_costless"
28,922131,"674b46b00690584bddd6e33b",2,11,18,28,18,"gap_higher","two_less_max_costless"
19,549848,"6554d04c73158a94d70192dd",3,6,19,24,13,"coordinate_low","normal_minus_two"
10,559889,"6238b95932e705108020765a",1,7,6,12,14,"gap_lower","normal_plus_one"
25,911417,"5f5967d6e280e61b2db8e55c",1,11,16,26,15,"sum_even","normal_plus_one"
22,960005,"663e3de642bf6f8f82b07794",3,12,11,22,9,"sum_even","normal_plus_one"
7,182934,"67acb833bf3961201ed866d3",3,2,6,7,11,"gap_higher","normal_minus_one"
8,412389,"6480bdf6d433e2e158870605",1,5,7,11,6,"more_than","two_less_max_costless"
27,1266409,"5c0b388b9c7b1100015ab55f",2,16,12,27,11,"gap_absolute","normal_plus_two"
10,210679,"670181df01d5807d3bca5093",3,2,12,13,2,"gap_absolute","normal_plus_two"
20,1456573,"5d02e8a7c087120001942ae7",4,19,5,23,9,"unequal","normal_plus_two"
19,892859,"63cedafa29d08471b828a96a",4,11,13,23,2,"gap_absolute","normal_plus_one"
6,339271,"680c9ce28ed46a864a300a0a",3,4,7,10,14,"more_than","normal_plus_two"
16,931299,"670fdd67d95e13ea091a43b0",2,12,5,16,14,"less_upper","two_less_max_costless"
22,537863,"5eb931ff273a56000b17b65c",2,6,17,22,6,"sum_even","normal_plus_one"
16,740004,"682b8071ffc2da7edd49f10c",4,9,12,20,12,"gap_absolute","normal_minus_one"
12,663140,"66b2601dc55a5c978d9c0ce7",1,8,12,19,6,"gap_higher","normal_minus_two"
21,984204,"5ec62902bb44c16b842128f9",4,12,16,27,6,"gap_absolute","normal_minus_one"
6,330814,"67ad12becac3e4abb99c57b0",2,4,6,9,1,"more_than","normal"
9,665450,"6595d5e0e40533319c0188c2",2,8,12,19,14,"less_upper","normal_minus_two"
20,890020,"5ef1f7026343e20b931a0cb0",3,11,12,22,10,"unequal","normal"
19,1275677,"5e74f18520ab35040b41d526",3,16,14,29,8,"more_than","normal_plus_one"
6,229319,"6474a86474b12fd778ae530f",2,2,15,16,15,"less_upper","normal_plus_one"
21,625415,"67673cda94b4d0cf1a6a7382",2,7,19,25,15,"gap_absolute","normal_plus_one"
25,1140976,"5e0fdde8b638537085d51b6c",1,14,17,30,11,"gap_higher","normal"
24,1340931,"6662e9e9187b0ca18293def6",2,17,12,28,8,"unequal","two_less_max_costless"
10,628894,"66f63aeba07bb69cb2f44c32",2,8,5,12,9,"equal","normal"
5,106341,"66bebab38c31e1f15e3e1fd5",1,1,6,6,6,"gap_lower","two_less_max_costless"
11,350316,"5f2f03deec679e2cf4a992e6",4,4,9,12,18,"gap_higher","normal_minus_one"
7,334971,"5e5012ec47808406305d6a0d",2,4,6,9,17,"gap_lower","two_less_max_costless"
21,1292575,"67df8c27d74bb46fe4e7bc2f",3,16,17,32,15,"more_than","normal_plus_two"
13,797105,"5c72f069cf5c4b000197cc30",1,10,8,17,19,"sum_even","normal_plus_one"
25,911714,"671958d2cecf8774fb7fbc02",2,11,16,26,16,"sum_odd","normal_minus_two"
35,1521723,"5f6fd1451758e95a989623b2",2,19,18,36,9,"more_than","two_less_max_costless"
10,320385,"63f93b47bb0c1a1aca131480",3,3,18,20,18,"sum_upper","two_less_max_costless"
28,1199406,"6604a928d8cf814da951e2d8",3,15,14,28,4,"equal","normal_minus_one"
26,979758,"5c0fdae73ee1040001e406b6",3,12,15,26,8,"equal","normal_minus_one"
19,1044236,"677c455afc1062faab5b165e",1,13,13,25,5,"sum_odd","normal_minus_two"
25,1282542,"661e625fafb8104a490bce51",3,16,15,30,15,"more_than","normal_minus_one"
21,956659,"60fda57e0916dfe2157c9b00",1,12,10,21,15,"coordinate_low","normal_plus_two"
26,1282523,"67838c00a0e049fdf173f9bd",4,16,15,30,15,"gap_absolute","normal_plus_one"
2,229065,"5c9224087a7067000190b119",3,2,15,16,14,"less_upper","two_less_max_costless"
13,427770,"60cb3c4b9454f7a196355088",1,5,10,14,7,"sum_even","normal_minus_one"
12,349578,"647660ef7bc13de7eaf0c76e",1,4,9,12,15,"equal","normal_minus_one"
13,713546,"66e74ca113f609cd2a13df59",2,9,7,15,7,"gap_lower","normal_minus_two"
12,494383,"60ca4cfb5c287146cad0695a",3,6,8,13,12,"less_upper","normal_plus_two"
27,1124205,"586fabdf2bd3c900018599a9",1,14,14,27,4,"sum_even","two_less_max_costless"
20,1337839,"5c4af67cdccaa800016b3192",3,17,11,27,15,"sum_upper","normal_plus_two"
10,826787,"5d6eea19b26c1100010cb6f3",4,10,14,23,17,"coordinate_low","normal_plus_one"
12,349880,"5b9d57e5737d030001ad2cbf",3,4,9,12,16,"unequal","normal_minus_two"
16,806740,"5e3cddaa64dfd70d85a5ef3f",3,10,10,19,18,"gap_lower","normal"
31,1426960,"5c2c62542c45d400014a32e6",1,18,14,31,11,"equal","normal"
3,102710,"6630da3c3cfcc026ec681c29",4,1,5,5,11,"gap_absolute","normal_minus_two"
14,528770,"631610af8e747093cd90e00d",2,6,15,20,10,"gap_higher","normal_minus_two"
23,1323075,"655e151840bad377f83a4ec2",2,17,8,24,16,"less_upper","two_less_max_costless"
15,1021372,"675a2ef45fbe0cc52b8403ae",3,13,8,20,14,"gap_lower","normal"
10,406654,"5e45a09c8155b00828c83d95",2,5,6,10,3,"sum_even","normal"
22,1103095,"66ccbb7d4109382e498e3c82",3,14,9,22,19,"sum_even","normal_plus_two"
10,336625,"55848744fdf99b574f55ada0",2,4,7,10,4,"more_than","normal_plus_two"
17,943453,"662ee0b0f3785c3fe59e191f",4,12,8,19,3,"less_upper","normal_plus_two"
17,657506,"5d58a7115f36a80016f9982b",2,8,11,18,3,"sum_upper","normal_minus_two"
8,635110,"64836981f87b85ab4b89dcf1",2,8,6,13,13,"coordinate_low","normal"
21,1461724,"67cafa97534132b573e4dd5c",3,19,6,24,10,"gap_lower","normal"
15,461442,"66073d09f66221547cbf2599",1,5,17,21,2,"gap_higher","normal_minus_one"
26,698343,"663298e9fb8d4ab0415f49fb",4,8,19,26,6,"equal","two_less_max_costless"
30,1360360,"666aef80f189d775a0f2554e",1,17,16,32,6,"gap_higher","normal"
30,1360360,"666aef80f189d775a0f2554e",1,17,16,32,6,"gap_higher","normal"
16,366250,"62b44f66a16d45783569fad6",4,4,13,16,2,"unequal","normal"
18,318986,"670dbc335bb9e80f94a636ca",2,3,18,20,13,"unequal","normal_minus_two"
25,1326432,"652c22df0be0c1af87ceaf86",2,17,9,25,10,"sum_even","normal_minus_one"
26,838136,"5ea057b821f4e400081b71a7",3,10,17,26,3,"coordinate_low","normal_minus_two"
13,741356,"66df47a9c26ea6aa4a71fc0f",1,9,12,20,17,"equal","normal_minus_two"
5,197894,"60ed8b9aa9275e30071f2e86",4,2,9,10,10,"sum_upper","normal_minus_two"
26,1470304,"5f1dfd940aeb060d8eb3cf55",1,19,8,26,4,"sum_even","normal"
19,762611,"5dd9f0e719eecb97dfab7b48",4,9,17,25,2,"less_upper","normal_plus_one"
17,371368,"67cc96b64c3dc17edc0a4c45",1,4,14,17,2,"coordinate_low","normal"
15,835432,"6715b0cc1fca13ce9bee61cd",1,10,16,25,12,"sum_upper","normal"
17,1229936,"6686a311e31819970c7060d0",3,16,5,20,6,"gap_lower","normal_minus_two"
18,842230,"634688daf4776ef459edf673",2,10,17,26,19,"unequal","normal"
24,911082,"59cff8eed227970001199862",1,11,16,26,14,"more_than","normal_minus_one"
15,1095024,"67590d4b1fe16ac844f9a239",2,14,8,21,8,"gap_lower","normal_minus_one"
16,1089703,"668ac2d21e1c6db3449f0be8",3,14,7,20,6,"less_upper","normal_plus_two"
10,619578,"673953cc8d032875bc9d1f65",1,7,18,24,12,"gap_higher","normal_minus_one"
23,696020,"66102bbc0f757b0420875a65",1,8,18,25,16,"sum_odd","normal_minus_two"
14,568785,"5cea73210b20970001acee5f",3,7,8,14,9,"sum_odd","two_less_max_costless"
17,794235,"6348845d31edff3dff1b7799",2,10,8,17,8,"sum_odd","two_less_max_costless"
26,769805,"5d2fabf8cbcda30001d27a68",3,9,18,26,11,"gap_higher","normal_plus_one"
10,540737,"664bdbe8f0b9a0066c8915ae",1,6,17,22,17,"unequal","normal_plus_one"
11,354507,"5adf874e066c510001d454f5",2,4,10,13,15,"gap_lower","two_less_max_costless"
26,1332057,"675338645dd419204d4d8a8c",3,17,10,26,12,"less_upper","two_less_max_costless"
14,437416,"6612e4e2da841ae356eef1d4",1,5,12,16,6,"gap_higher","normal"
15,802517,"65e2240ceb2b1fd974ef01b3",3,10,10,19,2,"gap_lower","normal_plus_one"
26,1264722,"674f97fef70c3dd15d138c3e",1,16,12,27,4,"less_upper","normal_minus_one"
22,1498079,"6772bcc8c558767d3804cf72",2,19,13,31,14,"sum_upper","normal_plus_one"
18,728735,"5c0ea3d30fcb7c0001eab0d8",2,9,10,18,7,"sum_even","normal_plus_one"
22,684912,"669a800eaf38a94d6ecc4227",2,8,16,23,12,"sum_even","normal_minus_one"
27,1491174,"6616eff822e8996e023e5b74",3,19,12,30,7,"sum_even","normal_minus_one"
28,1060946,"636d6ce3fb3683ff33f9e514",2,13,16,28,11,"coordinate_low","normal_minus_two"
28,1355125,"652ffea2ef41994e29919c0f",4,17,15,31,5,"gap_absolute","normal_plus_two"
20,1111577,"66293a02f66f851f4c9fec39",1,14,11,24,13,"sum_upper","normal_plus_one"
8,195438,"67cc84a7ad8328b8bae14416",3,2,9,10,1,"unequal","normal_minus_one"
25,1413917,"667ae31217cd77ff1091dcab",3,18,11,28,18,"coordinate_low","normal_plus_one"
6,176678,"6671beaf74f23fc744083c51",4,2,5,6,6,"equal","normal_minus_two"
28,919592,"6597691b6cf046f7396fcef4",3,11,18,28,8,"unequal","normal_minus_two"
1,104728,"6100d12602dbc013bf326e62",1,1,5,5,18,"coordinate_low","normal"
9,545599,"676c45d92368330a2c254895",3,6,18,23,16,"less_upper","normal_plus_two"
6,361577,"63e5e4a0e6325fe0fabe8ee6",1,4,12,15,3,"less_upper","normal_plus_one"
28,1488002,"662b24af863fd5cc1437384c",2,19,11,29,14,"sum_even","normal_minus_two"
18,1394125,"62a12aee913c1c1a20613418",4,18,7,24,19,"coordinate_low","normal_plus_two"
22,1491970,"66c36df59f1061046b7ea01b",4,19,12,30,10,"sum_even","normal"
11,235290,"62897d2024f826ea90b7efa1",1,2,16,17,19,"unequal","normal_minus_one"
22,1392934,"6673beb472e3c2b594f05d39",2,18,7,24,15,"unequal","normal"
19,1157259,"666f2488909bc0331b8563e6",2,15,5,19,15,"sum_upper","two_less_max_costless"
27,1076112,"6705f9372b81e6f4e1e195df",2,13,19,31,12,"equal","normal_minus_one"
26,1446326,"668177e0951600598b5422df",4,18,18,35,8,"sum_odd","normal_minus_two"
15,1209282,"673a0fa7ed1b0189b74d67db",1,15,16,30,3,"less_upper","normal_minus_one"
21,1053390,"67db7c2dffd84c21512499c3",3,13,15,27,2,"more_than","normal_minus_one"
15,822160,"578901354a84da00014c41cf",1,10,13,22,19,"unequal","normal"
17,384239,"60146b65fdf9854584747779",2,4,16,19,13,"sum_odd","normal_plus_one"
20,1307185,"663170bb631c1b3b21b7828b",2,17,5,21,13,"sum_odd","normal_plus_two"
20,597336,"607254cd31c9aa4682a4672c",2,7,14,20,3,"less_upper","normal_minus_one"
32,1504162,"5c8c22bafeeaeb0016207a00",4,19,14,32,18,"sum_upper","normal"
31,1144760,"6634e03793fb35bb701cb8ea",3,14,18,31,6,"equal","normal_minus_two"
16,942960,"668c1fc8e311d8d6e3930702",2,12,8,19,2,"gap_lower","normal_minus_one"
17,604710,"67e2f87c6e3741dd0aeb1cb1",3,7,15,21,12,"sum_upper","normal_minus_one"
9,565686,"6563533cc6a66751799ad06a",3,7,7,13,16,"coordinate_low","normal_minus_one"
12,590320,"661433352944c111887337c4",1,7,12,18,15,"more_than","normal"
22,905327,"55d35a33da14d7001295328c",2,11,15,25,11,"unequal","normal_plus_one"
25,1477315,"66c88c104a1c0cf2f5534231",1,19,9,27,12,"gap_higher","normal_plus_two"
7,427035,"5d54335468ffda0018fdcd66",2,5,10,14,4,"sum_upper","two_less_max_costless"
17,516360,"5747ac9d5bef980010b0414b",2,6,13,18,1,"gap_higher","normal_minus_one"
16,1011122,"675762346cd569df080a5e8e",2,13,6,18,13,"gap_absolute","normal_minus_two"
21,1166228,"63bcbccc16e01ccb870f287d",1,15,7,21,11,"sum_upper","normal_minus_two"
14,614670,"6636846a9190727f3132791a",3,7,17,23,12,"unequal","normal_minus_one"
11,896206,"5cd89ac3575359001dc46b76",2,11,13,23,14,"coordinate_low","normal"
17,880924,"647616c1a39c1d76b201296d",3,11,10,20,14,"gap_lower","normal"
19,756995,"67ac0c6febb2c39bf3d29347",4,9,15,23,19,"sum_even","normal_plus_one"
6,512067,"5ebebcf619a604258a233c4f",2,6,12,17,3,"less_upper","two_less_max_costless"
27,1482342,"632a19a8e296bff621254147",3,19,10,28,12,"gap_higher","normal_minus_one"
16,442663,"56b147029f1826000cbccb44",3,5,13,17,6,"coordinate_low","normal_plus_two"
25,1486856,"6740e1e09ca406ab781318cb",3,19,11,29,10,"gap_absolute","normal_minus_two"
21,1482104,"572bcdbb34b25a0010ddd977",3,19,10,28,11,"gap_absolute","normal_minus_two"
5,101590,"67f176ebc4a70f4cf6a5aa74",2,1,5,5,7,"gap_lower","normal"
26,1332556,"631916ad7afacf6bf7b9a0f6",3,17,10,26,14,"sum_upper","normal"
33,1508603,"5ed5d42e36b56a17327d4429",4,19,15,33,16,"sum_even","normal_plus_one"
30,1068891,"662b89c9eb08d365c04c7cc7",2,13,18,30,4,"gap_lower","two_less_max_costless"
1,162531,"67f3147d939ee392b2741fb5",2,1,17,17,9,"less_upper","two_less_max_costless"
12,302701,"653e6840042d03012eb90fc5",4,3,15,17,8,"sum_upper","normal_plus_two"
18,676932,"67e0875cac594a7d8175c644",4,8,15,22,1,"more_than","normal_minus_one"
24,849774,"67045f273ed1a494b6504788",3,10,19,28,10,"gap_lower","normal_minus_one"
17,235115,"66296b9d3123ae6c03e5ca8d",4,2,16,17,18,"sum_upper","normal_plus_one"
13,582128,"5b860734ec7fa30001d62519",3,7,11,17,3,"gap_absolute","normal_minus_two"
16,937529,"672950c88194b010025e09b0",1,12,6,17,19,"unequal","normal_plus_one"
17,896896,"67620128f5496ea07672039c",1,11,13,23,17,"sum_even","normal"
14,811585,"5d977f52d6e5640012b91227",2,10,11,20,17,"equal","normal_plus_two"
19,395268,"666a8c4b2aabea7b3e193b06",4,4,18,21,17,"equal","normal_minus_one"
6,483030,"5b1487d330d562000155f1c7",3,6,6,11,7,"less_upper","normal_minus_one"
18,876297,"5c570f52b45c6600010b6d1e",3,11,9,19,15,"unequal","two_less_max_costless"
23,965643,"6772d693ae3f61f9e083c6e6",2,12,12,23,11,"coordinate_low","two_less_max_costless"
11,801274,"61087e4fc006ee7d6be38641",4,10,9,18,16,"more_than","normal"
15,928449,"66cf5940f8d3999dd4619a15",3,12,5,16,4,"gap_lower","two_less_max_costless"
13,394751,"66cee9fa0061a677d1b1f385",2,4,18,21,15,"unequal","normal_plus_one"
25,1119833,"5ce7fd368020d30018f9d7a5",1,14,13,26,7,"gap_lower","normal_plus_one"
12,287358,"62f108ab1d119c891d45ae6a",3,3,12,14,7,"sum_odd","normal_minus_one"
12,713883,"66be78ef3ca75af1251ce936",2,9,7,15,8,"more_than","two_less_max_costless"
15,1198492,"5ebb96b6cd673a0008ace9ce",3,15,13,27,19,"coordinate_low","normal"
21,919767,"5c1942e200849900010afdcd",4,11,18,28,9,"gap_higher","two_less_max_costless"
13,721782,"6514a8e7e21c6ff0317fe0b5",3,9,8,16,19,"gap_absolute","normal_minus_one"
18,378026,"67eda7cef014b05ef5504c28",2,4,15,18,9,"gap_higher","normal_minus_two"
14,929323,"5955a3b953910300019cdcf6",1,12,5,16,7,"equal","normal_plus_two"
13,877285,"6767263a128cc4c391677127",4,11,9,19,19,"gap_absolute","normal_plus_two"
16,947775,"6650ba88f2e4099801ab8357",4,12,9,20,1,"gap_absolute","two_less_max_costless"
19,875902,"6228f35da2410161a1221ac0",2,11,9,19,14,"gap_lower","normal"
7,510846,"6649f870ed4a6b0016a6086a",3,6,11,16,18,"gap_absolute","normal_minus_one"
12,571418,"5e064785e297d502d4f2b15f",2,7,8,14,19,"sum_odd","normal_minus_two"
19,451845,"67f1c8dc042e5b62c7c65764",1,5,15,19,3,"sum_upper","two_less_max_costless"
